,dtype,missing_count,missing_pct,n_unique,sample_values
Unnamed: 0,int64,0,0.0,9784,"0,1,2,3,4"
Brand,str,0,0.0,50,"AUDI,AUSTIN,BAJAJ,BMW,BYD"
Model,str,0,0.0,1554,"A1,A1 RS,A3,A3 S LINE,A3 S-LINE"
YOM,float64,12,0.123,62,"2016.0,2017.0,2018.0,2015.0,2001.0"
Engine (cc),float64,9,0.092,278,"990.0,1000.0,1500.0,1750.0,999.0"
Gear,str,0,0.0,2,"Automatic,Manual"
Fuel Type,str,0,0.0,4,"Petrol,Diesel,Hybrid,Electric"
Mileage(KM),float64,9,0.092,62,"99000.0,88000.0,77000.0,110000.0,264000.0"
Town,str,0,0.0,107,"Gampaha,Colombo,Dehiwala-Mount-Lavinia,Negombo,Matara"
Date,str,0,0.0,65,"2/5/2025,1/14/2025,1/23/2025,12/21/2024,12/16/2024"
Leasing,str,0,0.0,2,"No Leasing,Ongoing Lease"
Condition,str,0,0.0,2,"USED,NEW"
AIR CONDITION,str,0,0.0,2,"Available,Not_Available"
POWER STEERING,str,0,0.0,2,"Available,Not_Available"
POWER MIRROR,str,0,0.0,2,"Available,Not_Available"
POWER WINDOW,str,0,0.0,2,"Available,Not_Available"
Price,float64,23,0.235,1684,"100.0,97.0,98.5,107.0,99.5"
